{
  "location": {
    "precision": 1.0,
    "recall": 0.782608695652174,
    "f1-score": 0.878048780487805,
    "support": 23,
    "confused_with": {}
  },
  "facility_type": {
    "precision": 0.78125,
    "recall": 1.0,
    "f1-score": 0.8771929824561403,
    "support": 25,
    "confused_with": {}
  },
  "micro avg": {
    "precision": 0.86,
    "recall": 0.8958333333333334,
    "f1-score": 0.8775510204081632,
    "support": 48
  },
  "macro avg": {
    "precision": 0.890625,
    "recall": 0.8913043478260869,
    "f1-score": 0.8776208814719726,
    "support": 48
  },
  "weighted avg": {
    "precision": 0.8860677083333334,
    "recall": 0.8958333333333334,
    "f1-score": 0.8776030523463131,
    "support": 48
  }
}